{
  "area": [
    {
      "id": 1,
      "area_id": 1,
      "name": "岡山市北区",
      "weather_api_area_code": "330010",
      "gurunavi_api_area_code_s": "AREAS7202"
    },
    {
      "id": 2,
      "area_id": 2,
      "name": "岡山市中区",
      "weather_api_area_code": "330010",
      "gurunavi_api_area_code_s": "AREAS7202"
    },
    {
      "id": 3,
      "area_id": 3,
      "name": "岡山市南区",
      "weather_api_area_code": "330010",
      "gurunavi_api_area_code_s": "AREAS7202"
    },
    {
      "id": 4,
      "area_id": 4,
      "name": "岡山市東区",
      "weather_api_area_code": "330010",
      "gurunavi_api_area_code_s": "AREAS7202"
    },
    {
      "id": 5,
      "area_id": 5,
      "name": "岡山市西区",
      "weather_api_area_code": "330010",
      "gurunavi_api_area_code_s": "AREAS7202"
    }
  ],
  "rental_properties": [
    {
      "id": 1,
      "rental_properties_id": 101,
      "area_id": 1,
      "rental_name": "岡山市北区の物件１",
      "rental_number": "1",
      "image_url": "sample101.png",
      "image_url2": "sample101in.png",
      "rent": 100000,
      "management_fees": 10000,
      "security_deposit": 10000,
      "key_money": 10000,
      "layout": "1K",
      "floor": "２階/３階建",
      "size": "19.87平方メートル",
      "built_years": "2017年4月",
      "address": "岡山県北区１丁目",
      "nearest_station": "岡山駅",
      "longitude": 133.88541396435,
      "latitude": 34.6531080304791,
      "equipment": "モニター付オートロック、宅配BOX、システムキッチン",
      "description": "ペット相談、常時ゴミ出し可能、高齢者相談",
      "notes": "備考"
    },
    {
      "id": 2,
      "rental_properties_id": 102,
      "area_id": 1,
      "rental_name": "岡山市北区の物件２",
      "rental_number": "2",
      "image_url": "sample102.png",
      "image_url2": "sample102in.png",
      "rent": 96000,
      "management_fees": 10000,
      "security_deposit": 10000,
      "key_money": 10000,
      "layout": "2K",
      "floor": "２階/３階建",
      "size": "30.87平方メートル",
      "built_years": "2018年4月",
      "address": "岡山県岡山市北区高柳東町10-1　ほげふがほげふが",
      "nearest_station": "北長瀬駅",
      "longitude": 139.774901,
      "latitude": 35.659213,
      "equipment": "モニター付オートロック、宅配BOX、システムキッチン",
      "description": "ペット相談、常時ゴミ出し可能、高齢者相談",
      "notes": "備考"
    },
    {
      "id": 3,
      "rental_properties_id": 103,
      "area_id": 1,
      "rental_name": "岡山市北区の物件３",
      "rental_number": "3",
      "image_url": "sample103.png",
      "image_url2": "sample103in.png",
      "rent": 98000,
      "management_fees": 10000,
      "security_deposit": 10000,
      "key_money": 10000,
      "layout": "3K",
      "floor": "２階/３階建",
      "size": "40.87平方メートル",
      "built_years": "2019年4月",
      "address": "岡山県北区３丁目",
      "nearest_station": "備前三門駅",
      "longitude": 139.774901,
      "latitude": 35.659213,
      "equipment": "モニター付オートロック、宅配BOX、システムキッチン",
      "description": "ペット相談、常時ゴミ出し可能、高齢者相談",
      "notes": "備考"
    },
    {
      "id": 4,
      "rental_properties_id": 104,
      "area_id": 2,
      "rental_name": "岡山市中区の物件１",
      "rental_number": "4",
      "image_url": "sample104.png",
      "image_url2": "sample104in.png",
      "rent": 96000,
      "management_fees": 10000,
      "security_deposit": 10000,
      "key_money": 10000,
      "layout": "1K",
      "floor": "２階/３階建",
      "size": "20.87平方メートル",
      "built_years": "2020年4月",
      "address": "岡山県中区１丁目",
      "nearest_station": "岡山駅",
      "longitude": 139.774901,
      "latitude": 35.659213,
      "equipment": "モニター付オートロック、宅配BOX、システムキッチン",
      "description": "ペット相談、常時ゴミ出し可能、高齢者相談",
      "notes": "備考"
    },
    {
      "id": 5,
      "rental_properties_id": 105,
      "area_id": 3,
      "rental_name": "岡山市中区の物件１",
      "rental_number": "5",
      "image_url": "sample105.png",
      "image_url2": "sample105in.png",
      "rent": 96000,
      "management_fees": 10000,
      "security_deposit": 10000,
      "key_money": 10000,
      "layout": "1K",
      "floor": "２階/３階建",
      "size": "20.87平方メートル",
      "built_years": "2020年4月",
      "address": "岡山県中区１丁目",
      "nearest_station": "岡山駅",
      "longitude": 139.774901,
      "latitude": 35.659213,
      "equipment": "モニター付オートロック、宅配BOX、システムキッチン",
      "description": "ペット相談、常時ゴミ出し可能、高齢者相談",
      "notes": "備考"
    },
    {
      "rental_number": "2",
      "management_fees": 10000,
      "notes": "備考",
      "rental_properties_id": 0,
      "rental_name": "岡山県岡山市北区高柳東町10-1　ほげふがほげふが",
      "image_url": "",
      "image_url2": "",
      "key_money": 10000,
      "latitude": 35.659213,
      "rent": 96000,
      "longitude": 139.774901,
      "description": "ペット相談、常時ゴミ出し可能、高齢者相談",
      "address": "岡山県岡山市北区高柳東町10-1　ほげふがほげふが",
      "equipment": "モニター付オートロック、宅配BOX、システムキッチン",
      "layout": "2K",
      "security_deposit": 10000,
      "built_years": "2018年4月",
      "nearest_station": "北長瀬駅",
      "floor": "２階/３階建",
      "size": "30.87平方メートル",
      "area_id": 1,
      "id": 6
    },
    {
      "equipment": "モニター付オートロック、宅配BOX、システムキッチン",
      "management_fees": 10000,
      "area_id": 1,
      "rental_number": "2",
      "latitude": 35.659213,
      "address": "岡山県岡山市北区高柳東町10-1　ほげふがほげふが",
      "nearest_station": "北長瀬駅",
      "description": "ペット相談、常時ゴミ出し可能、高齢者相談",
      "notes": "備考",
      "rental_properties_id": 0,
      "size": "30.87平方メートル",
      "rental_name": "岡山県岡山市北区高柳東町10-1　ほげふがほげふが",
      "image_url": "",
      "rent": 96000,
      "image_url2": "",
      "key_money": 10000,
      "layout": "2K",
      "security_deposit": 10000,
      "floor": "２階/３階建",
      "built_years": "2018年4月",
      "longitude": 139.774901,
      "id": 7
    },
    {
      "latitude": 35.659213,
      "layout": "2K",
      "equipment": "モニター付オートロック、宅配BOX、システムキッチン",
      "area_id": 1,
      "nearest_station": "北長瀬駅",
      "rental_number": "2",
      "rental_properties_id": 0,
      "longitude": 139.774901,
      "security_deposit": 10000,
      "image_url": "",
      "description": "ペット相談、常時ゴミ出し可能、高齢者相談",
      "address": "岡山県岡山市北区高柳東町10-1　ほげふがほげふが",
      "notes": "備考",
      "built_years": "2018年4月",
      "floor": "２階/３階建",
      "image_url2": "",
      "management_fees": 10000,
      "size": "30.87平方メートル",
      "rental_name": "岡山県岡山市北区高柳東町10-1　ほげふがほげふが",
      "key_money": 10000,
      "rent": 96000,
      "id": 8
    },
    {
      "floor": "２階/３階建",
      "key_money": 10000,
      "rental_name": "岡山県北区１丁目",
      "image_url2": "",
      "notes": "備考",
      "security_deposit": 10000,
      "image_url": "",
      "management_fees": 10000,
      "layout": "1K",
      "nearest_station": "岡山駅",
      "longitude": 133.88541396435,
      "rental_number": "1",
      "description": "ペット相談、常時ゴミ出し可能、高齢者相談",
      "rent": 100000,
      "size": "19.87平方メートル",
      "area_id": 1,
      "built_years": "2017年4月",
      "address": "岡山県北区１丁目",
      "latitude": 34.6531080304791,
      "rental_properties_id": 0,
      "equipment": "モニター付オートロック、宅配BOX、システムキッチン",
      "id": 9
    },
    {
      "rental_number": "4",
      "area_id": 1,
      "security_deposit": 10000,
      "rental_properties_id": 0,
      "key_money": 10000,
      "floor": "２階/３階建",
      "latitude": 35.659213,
      "notes": "備考",
      "image_url": "",
      "layout": "1K",
      "longitude": 139.774901,
      "nearest_station": "岡山駅",
      "rental_name": "岡山県中区１丁目",
      "image_url2": "",
      "built_years": "2020年4月",
      "description": "ペット相談、常時ゴミ出し可能、高齢者相談",
      "size": "20.87平方メートル",
      "rent": 96000,
      "address": "岡山県中区１丁目",
      "management_fees": 10000,
      "equipment": "モニター付オートロック、宅配BOX、システムキッチン",
      "id": 10
    },
    {
      "layout": "2K",
      "rental_properties_id": 0,
      "management_fees": 10000,
      "key_money": 10000,
      "floor": "２階/３階建",
      "built_years": "2018年4月",
      "nearest_station": "北長瀬駅",
      "longitude": 139.774901,
      "latitude": 35.659213,
      "notes": "備考",
      "equipment": "モニター付オートロック、宅配BOX、システムキッチン",
      "rental_number": "2",
      "address": "岡山県岡山市北区高柳東町10-1　ほげふがほげふが",
      "image_url": "",
      "area_id": 1,
      "image_url2": "",
      "rent": 96000,
      "security_deposit": 10000,
      "size": "30.87平方メートル",
      "rental_name": "岡山県岡山市北区高柳東町10-1　ほげふがほげふが",
      "description": "ペット相談、常時ゴミ出し可能、高齢者相談",
      "id": 11
    },
    {
      "address": "岡山県中区１丁目",
      "area_id": 1,
      "rent": 96000,
      "security_deposit": 10000,
      "management_fees": 10000,
      "image_url": "",
      "longitude": 139.774901,
      "rental_number": "6",
      "key_money": 10000,
      "floor": "２階/３階建",
      "notes": "備考",
      "image_url2": "",
      "rental_properties_id": 0,
      "layout": "1K",
      "rental_name": "岡山県中区１丁目",
      "nearest_station": "岡山駅",
      "latitude": 35.659213,
      "equipment": "モニター付オートロック、宅配BOX、システムキッチン",
      "size": "20.87平方メートル",
      "built_years": "2020年4月",
      "description": "ペット相談、常時ゴミ出し可能、高齢者相談",
      "id": 12
    },
    {
      "layout": "1K",
      "area_id": 1,
      "rental_name": "岡山県中区１丁目",
      "longitude": 139.774901,
      "notes": "備考",
      "management_fees": 10000,
      "security_deposit": 10000,
      "floor": "２階/３階建",
      "latitude": 35.659213,
      "rent": 96000,
      "image_url": "",
      "equipment": "モニター付オートロック、宅配BOX、システムキッチン",
      "description": "ペット相談、常時ゴミ出し可能、高齢者相談",
      "size": "20.87平方メートル",
      "key_money": 10000,
      "rental_number": "7",
      "built_years": "2020年4月",
      "address": "岡山県中区１丁目",
      "image_url2": "",
      "nearest_station": "岡山駅",
      "rental_properties_id": 0,
      "id": 13
    },
    {
      "rental_properties_id": 0,
      "notes": "備考",
      "rental_name": "岡山県岡山市北区高柳東町10-1　ほげふがほげふが",
      "image_url2": "",
      "built_years": "2018年4月",
      "management_fees": 10000,
      "floor": "２階/３階建",
      "rent": 96000,
      "rental_number": "2",
      "security_deposit": 10000,
      "nearest_station": "北長瀬駅",
      "longitude": 139.774901,
      "area_id": 1,
      "size": "30.87平方メートル",
      "address": "岡山県岡山市北区高柳東町10-1　ほげふがほげふが",
      "image_url": "",
      "key_money": 10000,
      "latitude": 35.659213,
      "layout": "2K",
      "equipment": "モニター付オートロック、宅配BOX、システムキッチン",
      "description": "ペット相談、常時ゴミ出し可能、高齢者相談",
      "id": 14
    },
    {
      "area_id": 1,
      "rental_properties_id": 0,
      "security_deposit": 10000,
      "image_url2": "",
      "rental_number": "2",
      "image_url": "",
      "address": "岡山県岡山市北区高柳東町10-1　ほげふがほげふが",
      "equipment": "モニター付オートロック、宅配BOX、システムキッチン",
      "size": "30.87平方メートル",
      "management_fees": 10000,
      "layout": "2K",
      "notes": "備考",
      "rental_name": "岡山県岡山市北区高柳東町10-1　ほげふがほげふが",
      "floor": "２階/３階建",
      "latitude": 35.659213,
      "key_money": 10000,
      "longitude": 139.774901,
      "rent": 96000,
      "built_years": "2018年4月",
      "nearest_station": "北長瀬駅",
      "description": "ペット相談、常時ゴミ出し可能、高齢者相談",
      "id": 15
    },
    {
      "image_url": "",
      "rental_name": "岡山県岡山市北区高柳東町10-1　ほげふがほげふが",
      "layout": "2K",
      "rent": 96000,
      "floor": "２階/３階建",
      "built_years": "2018年4月",
      "notes": "備考",
      "description": "ペット相談、常時ゴミ出し可能、高齢者相談",
      "address": "岡山県岡山市北区高柳東町10-1　ほげふがほげふが",
      "key_money": 10000,
      "size": "30.87平方メートル",
      "nearest_station": "北長瀬駅",
      "latitude": 35.659213,
      "security_deposit": 10000,
      "area_id": 1,
      "image_url2": "",
      "longitude": 139.774901,
      "equipment": "モニター付オートロック、宅配BOX、システムキッチン",
      "management_fees": 10000,
      "rental_properties_id": 0,
      "rental_number": "2",
      "id": 16
    },
    {
      "rental_name": "岡山県岡山市北区高柳東町10-1　ほげふがほげふが",
      "security_deposit": 10000,
      "longitude": 139.774901,
      "area_id": 1,
      "notes": "備考",
      "address": "岡山県岡山市北区高柳東町10-1　ほげふがほげふが",
      "rental_properties_id": 0,
      "image_url2": "",
      "layout": "2K",
      "rental_number": "2",
      "latitude": 35.659213,
      "equipment": "モニター付オートロック、宅配BOX、システムキッチン",
      "nearest_station": "北長瀬駅",
      "management_fees": 10000,
      "key_money": 10000,
      "size": "30.87平方メートル",
      "description": "ペット相談、常時ゴミ出し可能、高齢者相談",
      "built_years": "2018年4月",
      "image_url": "",
      "rent": 96000,
      "floor": "２階/３階建",
      "id": 17
    },
    {
      "rent": 96000,
      "longitude": 139.774901,
      "area_id": 1,
      "rental_number": "2",
      "nearest_station": "北長瀬駅",
      "rental_properties_id": 0,
      "notes": "備考",
      "image_url2": "",
      "description": "ペット相談、常時ゴミ出し可能、高齢者相談",
      "key_money": 10000,
      "address": "岡山県岡山市北区高柳東町10-1　ほげふがほげふが",
      "equipment": "モニター付オートロック、宅配BOX、システムキッチン",
      "built_years": "2018年4月",
      "floor": "２階/３階建",
      "rental_name": "岡山県岡山市北区高柳東町10-1　ほげふがほげふが",
      "image_url": "",
      "management_fees": 10000,
      "layout": "2K",
      "latitude": 35.659213,
      "size": "30.87平方メートル",
      "security_deposit": 10000,
      "id": 18
    },
    {
      "rental_name": "岡山県岡山市北区高柳東町10-1　ほげふがほげふが",
      "longitude": 139.774901,
      "built_years": "2018年4月",
      "nearest_station": "北長瀬駅",
      "latitude": 35.659213,
      "image_url": "",
      "size": "30.87平方メートル",
      "description": "ペット相談、常時ゴミ出し可能、高齢者相談",
      "floor": "２階/３階建",
      "equipment": "モニター付オートロック、宅配BOX、システムキッチン",
      "rental_properties_id": 0,
      "security_deposit": 10000,
      "layout": "2K",
      "area_id": 1,
      "rental_number": "2",
      "key_money": 10000,
      "image_url2": "",
      "management_fees": 10000,
      "address": "岡山県岡山市北区高柳東町10-1　ほげふがほげふが",
      "rent": 96000,
      "notes": "備考",
      "id": 19
    },
    {
      "floor": "２階/３階建",
      "rent": 96000,
      "latitude": 35.659213,
      "equipment": "モニター付オートロック、宅配BOX、システムキッチン",
      "management_fees": 10000,
      "image_url2": "",
      "address": "岡山県岡山市北区高柳東町10-1　ほげふがほげふが",
      "area_id": 1,
      "layout": "2K",
      "description": "ペット相談、常時ゴミ出し可能、高齢者相談",
      "notes": "備考",
      "rental_name": "岡山県岡山市北区高柳東町10-1　ほげふがほげふが",
      "built_years": "2018年4月",
      "image_url": "",
      "longitude": 139.774901,
      "rental_number": "2",
      "security_deposit": 10000,
      "key_money": 10000,
      "size": "30.87平方メートル",
      "nearest_station": "北長瀬駅",
      "rental_properties_id": 0,
      "id": 20
    },
    {
      "notes": "備考",
      "floor": "２階/３階建",
      "size": "30.87平方メートル",
      "nearest_station": "北長瀬駅",
      "rental_properties_id": 0,
      "longitude": 139.774901,
      "address": "岡山県岡山市北区高柳東町10-1　ほげふがほげふが",
      "equipment": "モニター付オートロック、宅配BOX、システムキッチン",
      "latitude": 35.659213,
      "rental_number": "8",
      "area_id": 3,
      "rental_name": "岡山県岡山市北区高柳東町10-1　ほげふがほげふが",
      "management_fees": 10000,
      "security_deposit": 10000,
      "layout": "2K",
      "rent": 96000,
      "image_url": "",
      "description": "ペット相談、常時ゴミ出し可能、高齢者相談",
      "key_money": 10000,
      "image_url2": "",
      "built_years": "2018年4月",
      "id": 21
    },
    {
      "rent": 100000,
      "management_fees": 10000,
      "security_deposit": 10000,
      "equipment": "モニター付オートロック、宅配BOX、システムキッチン",
      "latitude": 34.6531080304791,
      "area_id": 1,
      "size": "19.87平方メートル",
      "notes": "備考",
      "floor": "２階/３階建",
      "image_url": "",
      "image_url2": "",
      "description": "ペット相談、常時ゴミ出し可能、高齢者相談",
      "rental_properties_id": 0,
      "key_money": 10000,
      "layout": "1K",
      "nearest_station": "岡山駅",
      "rental_name": "岡山県北区１丁目",
      "address": "岡山県北区１丁目",
      "built_years": "2017年4月",
      "rental_number": "1",
      "longitude": 133.88541396435,
      "id": 22
    }
  ],
  "rank": [
    {
      "name": "hirata",
      "score": 1000
    },
    {
      "name": "atsushi",
      "score": 2000
    },
    {
      "name": "hoge",
      "score": 3000
    },
    {
      "name": "fuga",
      "score": 4000
    },
    {
      "id": 21,
      "name": "",
      "score": 300
    }
  ],
  "file_upload": {}
}